<?xml version="1.0" encoding="UTF-8"?>
<!DOCTYPE mapper PUBLIC "-//mybatis.org//DTD Mapper 3.0//EN" "https://mybatis.org/dtd/mybatis-3-mapper.dtd">
<mapper namespace="com.employee.mapper.BookProjectMapper">
	<resultMap id="book" type="book">
		<id column="isbn" property="isbn" />
		<result column="book_title" property="bookTitle" />
		<result column="book_writer" property="bookWriter" />
		<result column="book_publisher" property="bookPublisher" />
		<result column="book_money" property="bookMoney" />
		<result column="book_sell_count" property="bookSellCount" />
	</resultMap>
	<resultMap id="member" type="member">
		<id column="member_id" property="memberId" />
		<result column="member_passwd" property="memberPasswd" />
		<result column="member_name" property="memberName" />
		<result column="member_tel" property="memberTel" />
		<result column="member_lisence" property="memberLisence" />
	</resultMap>

	
	<select id="selectAllBook" resultMap="book">
		select * from book
	</select>

	<insert id="insertBook" parameterType="book">
		insert into book values(#{isbn},#{bookName})
	</insert>
	
	<update id="updateBook" parameterType="book">
		update book set bookName = #{bookName} where isbn = #{isbn}
	</update>
	
	<delete id="deleteBook" parameterType="int">
		delete from book where isbn = #{isbn}
	</delete>
	
	
	

	
</mapper>