<?xml version="1.0" encoding="UTF-8" ?>
<!DOCTYPE mapper
  PUBLIC "-//mybatis.org//DTD Mapper 3.0//EN"
  "https://mybatis.org/dtd/mybatis-3-mapper.dtd">
<mapper namespace="com.member.mapper.MemberMapper">
	<resultMap type="member" id="member">
		<id column="MEMBER_ID" property="memberId" />
		<result column="MEMBER_PASSWD" property="memberPasswd" />
		<result column="MEMBER_NAME" property="memberName" />
		<result column="MEMBER_TEL" property="memberTel" />
		<result column="MEMBER_LISENCE" property="memberLisence" />
	</resultMap>

	<select id="selectAllMember" resultMap="member">
		select * from member
	</select>

	<insert id="insertMember" parameterType="member">
		insert into member
		values(#{memberId},#{memberPasswd},#{memberName},#{memberTel},#{memberLisence})
	</insert>

	<update id="updateMember" parameterType="member">

	</update>

	<delete id="deleteMember" parameterType="string">
		delete from member
		where MEMBER_ID like #{memberId}
	</delete>

	<select id="selectMember" parameterType="string"
		resultMap="member">
		select * from member where MEMBER_ID like #{memberId}
	</select>
</mapper>






